raw_id,patch_id,core_sequence,reason
Patch_A_L12_colabdesign_chunk_seed0000_n005_raw_0004,Patch_A,CDDQDYWWYYYC,sequence_filter_pass=false
Patch_A_L12_colabdesign_chunk_seed0000_n005_raw_0005,Patch_A,CQPGEKVTWWGC,sequence_filter_pass=false
Patch_A_L12_colabdesign_chunk_seed0005_n005_raw_0003,Patch_A,CKPGANVYWYVC,sequence_filter_pass=false
Patch_A_L12_colabdesign_chunk_seed0010_n005_raw_0005,Patch_A,CPWWYYTDDGEC,sequence_filter_pass=false
Patch_A_L12_colabdesign_chunk_seed0020_n005_raw_0001,Patch_A,CSEDGKADWWYC,sequence_filter_pass=false
Patch_A_L12_colabdesign_chunk_seed0025_n005_raw_0004,Patch_A,CQYYYYYSVEGC,sequence_filter_pass=false
Patch_A_L12_colabdesign_chunk_seed0030_n005_raw_0001,Patch_A,CYIYFYNSDKDC,sequence_filter_pass=false
Patch_A_L12_colabdesign_chunk_seed0030_n005_raw_0002,Patch_A,CDQWWYYTTVDC,sequence_filter_pass=false
Patch_A_L12_colabdesign_chunk_seed0030_n005_raw_0004,Patch_A,CVYYYLQDKSQC,sequence_filter_pass=false
Patch_A_L12_colabdesign_chunk_seed0040_n005_raw_0002,Patch_A,CTEPGDWWRDEC,sequence_filter_pass=false
Patch_A_L12_colabdesign_chunk_seed0045_n005_raw_0004,Patch_A,CIYYYWSGQSPC,sequence_filter_pass=false
Patch_A_L12_colabdesign_chunk_seed0050_n005_raw_0001,Patch_A,CYYVYFYSQNDC,sequence_filter_pass=false
Patch_A_L12_colabdesign_chunk_seed0055_n005_raw_0004,Patch_A,CMQHVYMKTDYC,sequence_filter_pass=false
Patch_A_L12_colabdesign_chunk_seed0065_n005_raw_0003,Patch_A,CHYIYYYEEGTC,sequence_filter_pass=false
Patch_A_L12_colabdesign_chunk_seed0065_n005_raw_0004,Patch_A,CPIYYVYYSEQC,sequence_filter_pass=false
Patch_A_L12_colabdesign_chunk_seed0070_n005_raw_0001,Patch_A,CDNQKSAYYYIC,sequence_filter_pass=false
Patch_A_L12_colabdesign_chunk_seed0080_n005_raw_0003,Patch_A,CHYFYYYTEGTC,sequence_filter_pass=false
Patch_A_L12_colabdesign_chunk_seed0080_n005_raw_0005,Patch_A,CPEDYIYYWMRC,sequence_filter_pass=false
Patch_A_L12_colabdesign_chunk_seed0085_n005_raw_0001,Patch_A,CIIYYYNPDKPC,sequence_filter_pass=false
Patch_A_L12_colabdesign_chunk_seed0085_n005_raw_0002,Patch_A,CYWPWYYKDQNC,sequence_filter_pass=false
Patch_A_L12_colabdesign_chunk_seed0090_n005_raw_0002,Patch_A,CAYYYYSDGQIC,sequence_filter_pass=false
Patch_A_L12_colabdesign_chunk_seed0095_n005_raw_0004,Patch_A,CQSVPDYYIYYC,sequence_filter_pass=false
Patch_A_L14_colabdesign_chunk_seed0000_n005_raw_0001,Patch_A,CAPDQNYDVYIYYC,sequence_filter_pass=false
Patch_A_L14_colabdesign_chunk_seed0000_n005_raw_0002,Patch_A,CPEDGNASWWQWDC,sequence_filter_pass=false
Patch_A_L14_colabdesign_chunk_seed0005_n005_raw_0002,Patch_A,CEGESSWWHRPDIC,sequence_filter_pass=false
Patch_A_L14_colabdesign_chunk_seed0010_n005_raw_0004,Patch_A,CYRPDYYIYYYQSC,sequence_filter_pass=false
Patch_A_L14_colabdesign_chunk_seed0015_n005_raw_0003,Patch_A,CQDYYYYYYQEDGC,sequence_filter_pass=false
Patch_A_L14_colabdesign_chunk_seed0025_n005_raw_0004,Patch_A,CSDDEYYIYVYNYC,sequence_filter_pass=false
Patch_A_L14_colabdesign_chunk_seed0030_n005_raw_0005,Patch_A,CDYSEYKTVYYYYC,sequence_filter_pass=false
Patch_A_L14_colabdesign_chunk_seed0035_n005_raw_0005,Patch_A,CDEDTNWWYYYEEC,sequence_filter_pass=false
Patch_A_L14_colabdesign_chunk_seed0040_n005_raw_0002,Patch_A,CWYVYLPTDGEQVC,sequence_filter_pass=false
Patch_A_L14_colabdesign_chunk_seed0040_n005_raw_0005,Patch_A,CQDGEWVQTWWYDC,sequence_filter_pass=false
Patch_A_L14_colabdesign_chunk_seed0045_n005_raw_0004,Patch_A,CSGVGYFYYYDDQC,sequence_filter_pass=false
Patch_A_L14_colabdesign_chunk_seed0050_n005_raw_0004,Patch_A,CQSDSGQVTWWGAC,sequence_filter_pass=false
Patch_A_L14_colabdesign_chunk_seed0055_n005_raw_0004,Patch_A,CASDTRWANTWDEC,sequence_filter_pass=false
Patch_A_L14_colabdesign_chunk_seed0055_n005_raw_0005,Patch_A,CIMYYEDYYWAWPC,sequence_filter_pass=false
Patch_A_L14_colabdesign_chunk_seed0060_n005_raw_0002,Patch_A,CEGAYYYVQYEDRC,sequence_filter_pass=false
Patch_A_L14_colabdesign_chunk_seed0060_n005_raw_0003,Patch_A,CAYIIWPTHDNSQC,sequence_filter_pass=false
Patch_A_L14_colabdesign_chunk_seed0065_n005_raw_0005,Patch_A,CFPDADDDRWYWIC,sequence_filter_pass=false
Patch_A_L14_colabdesign_chunk_seed0070_n005_raw_0004,Patch_A,CQPGDTVRHDWWGC,sequence_filter_pass=false
Patch_A_L14_colabdesign_chunk_seed0075_n005_raw_0003,Patch_A,CSNQDDYTWYIYYC,sequence_filter_pass=false
Patch_A_L14_colabdesign_chunk_seed0080_n005_raw_0002,Patch_A,CYWHEDWDYIYYSC,sequence_filter_pass=false
Patch_A_L14_colabdesign_chunk_seed0080_n005_raw_0003,Patch_A,CDEQVIYYYYKGKC,sequence_filter_pass=false
Patch_A_L14_colabdesign_chunk_seed0080_n005_raw_0004,Patch_A,CDWWWYYTVDDGEC,sequence_filter_pass=false
Patch_A_L14_colabdesign_chunk_seed0080_n005_raw_0005,Patch_A,CAVYYYKPEDNTIC,sequence_filter_pass=false
Patch_A_L14_colabdesign_chunk_seed0085_n005_raw_0003,Patch_A,CYYYIVNVEPSKQC,sequence_filter_pass=false
Patch_A_L14_colabdesign_chunk_seed0085_n005_raw_0004,Patch_A,CWYNENDEYQSWWC,sequence_filter_pass=false
Patch_A_L14_colabdesign_chunk_seed0085_n005_raw_0005,Patch_A,CPVFYIYYKNGNDC,sequence_filter_pass=false
Patch_A_L14_colabdesign_chunk_seed0090_n005_raw_0001,Patch_A,CIQPDDDTFYYMRC,sequence_filter_pass=false
Patch_A_L14_colabdesign_chunk_seed0090_n005_raw_0003,Patch_A,CHYVYYYNPKNIQC,sequence_filter_pass=false
Patch_A_L14_colabdesign_chunk_seed0090_n005_raw_0005,Patch_A,CYPNDRNTVIYYWC,sequence_filter_pass=false
Patch_A_L14_colabdesign_chunk_seed0095_n005_raw_0003,Patch_A,CHVYYWAVDGESYC,sequence_filter_pass=false
Patch_A_L14_colabdesign_chunk_seed0095_n005_raw_0004,Patch_A,CYDTWYYILDENYC,sequence_filter_pass=false
Patch_A_L16_colabdesign_chunk_seed0000_n005_raw_0001,Patch_A,CDSDNENEYYVWPWMC,sequence_filter_pass=false
Patch_A_L16_colabdesign_chunk_seed0000_n005_raw_0003,Patch_A,CWGYFTTGSDDDKIYC,sequence_filter_pass=false
Patch_A_L16_colabdesign_chunk_seed0005_n005_raw_0002,Patch_A,CWTPWYYFYYDDDDEC,sequence_filter_pass=false
Patch_A_L16_colabdesign_chunk_seed0005_n005_raw_0005,Patch_A,CPPDDNDDTVVIYMRC,sequence_filter_pass=false
Patch_A_L16_colabdesign_chunk_seed0010_n005_raw_0004,Patch_A,CDEWTYYYYYSGDEEC,sequence_filter_pass=false
Patch_A_L16_colabdesign_chunk_seed0015_n005_raw_0005,Patch_A,CHPDHWSSDDWVFFYC,sequence_filter_pass=false
Patch_A_L16_colabdesign_chunk_seed0025_n005_raw_0001,Patch_A,CDDDRQYQSYWYYYTC,sequence_filter_pass=false
Patch_A_L16_colabdesign_chunk_seed0025_n005_raw_0003,Patch_A,CDDNYEVSPWWWWYDC,sequence_filter_pass=false
Patch_A_L16_colabdesign_chunk_seed0030_n005_raw_0001,Patch_A,CDPPPNGYQFYVYAWC,sequence_filter_pass=false
Patch_A_L16_colabdesign_chunk_seed0030_n005_raw_0004,Patch_A,CEYVYVYKSNDGQTYC,sequence_filter_pass=false
Patch_A_L16_colabdesign_chunk_seed0030_n005_raw_0005,Patch_A,CIWHYSYKPDDDPPLC,sequence_filter_pass=false
Patch_A_L16_colabdesign_chunk_seed0035_n005_raw_0002,Patch_A,CTYPKGNDQVYYAMQC,sequence_filter_pass=false
Patch_A_L16_colabdesign_chunk_seed0035_n005_raw_0005,Patch_A,CTKGQQYYYYVHMQDC,sequence_filter_pass=false
Patch_A_L16_colabdesign_chunk_seed0040_n005_raw_0003,Patch_A,CFDYNYWWSYDDEPGC,sequence_filter_pass=false
Patch_A_L16_colabdesign_chunk_seed0040_n005_raw_0004,Patch_A,CYKQNSNWEVYVIYPC,sequence_filter_pass=false
Patch_A_L16_colabdesign_chunk_seed0045_n005_raw_0003,Patch_A,CPREEMYYYPGYYMVC,sequence_filter_pass=false
Patch_A_L16_colabdesign_chunk_seed0045_n005_raw_0005,Patch_A,CYYSDEEGPRWGWYIC,sequence_filter_pass=false
Patch_A_L16_colabdesign_chunk_seed0050_n005_raw_0001,Patch_A,CEYNDDDVWGWGQYFC,sequence_filter_pass=false
Patch_A_L16_colabdesign_chunk_seed0050_n005_raw_0002,Patch_A,CFYPQYYYYYQDEDSC,sequence_filter_pass=false
Patch_A_L16_colabdesign_chunk_seed0050_n005_raw_0005,Patch_A,CRPHQWYVYVYEEGSC,sequence_filter_pass=false
Patch_A_L16_colabdesign_chunk_seed0055_n005_raw_0001,Patch_A,CQDTVYWYYYDGEEEC,sequence_filter_pass=false
Patch_A_L16_colabdesign_chunk_seed0055_n005_raw_0002,Patch_A,CMYGDRDQHYIYVYPC,sequence_filter_pass=false
Patch_A_L16_colabdesign_chunk_seed0055_n005_raw_0003,Patch_A,CYWPYYIYVEQEEGTC,sequence_filter_pass=false
Patch_A_L16_colabdesign_chunk_seed0055_n005_raw_0004,Patch_A,CDHYIYVWNWNQEDSC,sequence_filter_pass=false
Patch_A_L16_colabdesign_chunk_seed0060_n005_raw_0001,Patch_A,CQEDSYWWPYYFEDTC,sequence_filter_pass=false
Patch_A_L16_colabdesign_chunk_seed0070_n005_raw_0005,Patch_A,CQDLRAPSQTYYYYYC,sequence_filter_pass=false
Patch_A_L16_colabdesign_chunk_seed0075_n005_raw_0002,Patch_A,CWDTYYYYYEDQDDQC,sequence_filter_pass=false
Patch_A_L16_colabdesign_chunk_seed0075_n005_raw_0003,Patch_A,CHQDIIYWYYHGQEPC,sequence_filter_pass=false
Patch_A_L16_colabdesign_chunk_seed0075_n005_raw_0004,Patch_A,CPVDSWWIYKVQDDEC,sequence_filter_pass=false
Patch_A_L16_colabdesign_chunk_seed0080_n005_raw_0003,Patch_A,CQEDYYYYYGGWGQYC,sequence_filter_pass=false
Patch_A_L16_colabdesign_chunk_seed0080_n005_raw_0004,Patch_A,CDYHDDYRQPYYIVYC,sequence_filter_pass=false
Patch_A_L16_colabdesign_chunk_seed0080_n005_raw_0005,Patch_A,CQYYVVYQKTQGSGKC,sequence_filter_pass=false
Patch_A_L16_colabdesign_chunk_seed0090_n005_raw_0003,Patch_A,CDPPPQGYQVYIYFSC,sequence_filter_pass=false
Patch_A_L16_colabdesign_chunk_seed0095_n005_raw_0002,Patch_A,CPKNNNQQQYVIVYYC,sequence_filter_pass=false
Patch_A_L18_colabdesign_chunk_seed0000_n005_raw_0001,Patch_A,CDSYHYQGGEVYVYYYYC,sequence_filter_pass=false
Patch_A_L18_colabdesign_chunk_seed0000_n005_raw_0004,Patch_A,CYWRPVVVEGDNWGPHIC,sequence_filter_pass=false
Patch_A_L18_colabdesign_chunk_seed0005_n005_raw_0002,Patch_A,CYSKPNGGNQDSIYIWYC,sequence_filter_pass=false
Patch_A_L18_colabdesign_chunk_seed0010_n005_raw_0001,Patch_A,CQYPYWDNDYFEIKWYYC,sequence_filter_pass=false
Patch_A_L18_colabdesign_chunk_seed0010_n005_raw_0002,Patch_A,CDGPPWVDIRTANSWESC,sequence_filter_pass=false
Patch_A_L18_colabdesign_chunk_seed0015_n005_raw_0002,Patch_A,CEVEGGSPWWWYYEDDTC,sequence_filter_pass=false
Patch_A_L18_colabdesign_chunk_seed0015_n005_raw_0003,Patch_A,CGEEWYFNWWYYGYEDNC,sequence_filter_pass=false
Patch_A_L18_colabdesign_chunk_seed0020_n005_raw_0005,Patch_A,CYKGNPEDEQVQYYYYYC,sequence_filter_pass=false
Patch_A_L18_colabdesign_chunk_seed0025_n005_raw_0004,Patch_A,CYPEYNGNDDYIYMYDFC,sequence_filter_pass=false
Patch_A_L18_colabdesign_chunk_seed0030_n005_raw_0003,Patch_A,CYHYHPSEEKHQYVYYYC,sequence_filter_pass=false
Patch_A_L18_colabdesign_chunk_seed0030_n005_raw_0004,Patch_A,CKSKNMNQELYYVYHWPC,sequence_filter_pass=false
Patch_A_L18_colabdesign_chunk_seed0035_n005_raw_0002,Patch_A,CYRYDAADDDGVVHAWYC,sequence_filter_pass=false
Patch_A_L18_colabdesign_chunk_seed0035_n005_raw_0003,Patch_A,CDTYVYYYQVSDDGQEQC,sequence_filter_pass=false
Patch_A_L18_colabdesign_chunk_seed0035_n005_raw_0005,Patch_A,CQYIYLVPDDHGTHRKYC,sequence_filter_pass=false
Patch_A_L18_colabdesign_chunk_seed0040_n005_raw_0001,Patch_A,CEEGDYQPGYIIYAHNYC,sequence_filter_pass=false
Patch_A_L18_colabdesign_chunk_seed0045_n005_raw_0002,Patch_A,CHYKKGSPEWVAYIPVYC,sequence_filter_pass=false
Patch_A_L18_colabdesign_chunk_seed0045_n005_raw_0005,Patch_A,CQHYPEDDFDHLWPVYIC,sequence_filter_pass=false
Patch_A_L18_colabdesign_chunk_seed0050_n005_raw_0001,Patch_A,CEAGSSTSYWYYVQDGDC,sequence_filter_pass=false
Patch_A_L18_colabdesign_chunk_seed0050_n005_raw_0002,Patch_A,CYDIYIWKPVYEPGQQWC,sequence_filter_pass=false
Patch_A_L18_colabdesign_chunk_seed0050_n005_raw_0003,Patch_A,CYTVNNQDDNDIYYYYQC,sequence_filter_pass=false
Patch_A_L18_colabdesign_chunk_seed0055_n005_raw_0001,Patch_A,CAYYYYTDYYQEQIHHPC,sequence_filter_pass=false
Patch_A_L18_colabdesign_chunk_seed0055_n005_raw_0004,Patch_A,CSYTPYWAWGFVYDEENC,sequence_filter_pass=false
Patch_A_L18_colabdesign_chunk_seed0065_n005_raw_0005,Patch_A,CSYDHPQGDGIYWYAYQC,sequence_filter_pass=false
Patch_A_L18_colabdesign_chunk_seed0070_n005_raw_0003,Patch_A,CYYYVVNETPGTYEFWPC,sequence_filter_pass=false
Patch_A_L18_colabdesign_chunk_seed0075_n005_raw_0002,Patch_A,CNISETDIDDIYYWPYYC,sequence_filter_pass=false
Patch_A_L18_colabdesign_chunk_seed0075_n005_raw_0004,Patch_A,CNDNYDPIYSVYIYMQPC,sequence_filter_pass=false
Patch_A_L18_colabdesign_chunk_seed0080_n005_raw_0002,Patch_A,CYWPNDQWDDYPYLYVHC,sequence_filter_pass=false
Patch_A_L18_colabdesign_chunk_seed0080_n005_raw_0003,Patch_A,CGDQVSDNQYFDYWPWYC,sequence_filter_pass=false
Patch_A_L18_colabdesign_chunk_seed0090_n005_raw_0003,Patch_A,CHDLYWYYLQPDEYETYC,sequence_filter_pass=false
Patch_A_L18_colabdesign_chunk_seed0090_n005_raw_0004,Patch_A,CEKAYSWDFYYYSDTEEC,sequence_filter_pass=false
Patch_A_L18_colabdesign_chunk_seed0090_n005_raw_0005,Patch_A,CYISYDYWMYYEGNHNKC,sequence_filter_pass=false
Patch_A_L18_colabdesign_chunk_seed0095_n005_raw_0001,Patch_A,CWGWHIYYPVQDDDEDTC,sequence_filter_pass=false
Patch_B_L12_colabdesign_chunk_seed0000_n005_raw_0003,Patch_B,CEEDANAWWTPC,sequence_filter_pass=false
Patch_B_L12_colabdesign_chunk_seed0005_n005_raw_0005,Patch_B,CEWHEYWDPNDC,sequence_filter_pass=false
Patch_B_L12_colabdesign_chunk_seed0010_n005_raw_0001,Patch_B,CWWHRPDEEDEC,sequence_filter_pass=false
Patch_B_L12_colabdesign_chunk_seed0010_n005_raw_0002,Patch_B,CWPPPDDNGQWC,sequence_filter_pass=false
Patch_B_L12_colabdesign_chunk_seed0010_n005_raw_0003,Patch_B,CWDWWYDPNGTC,sequence_filter_pass=false
Patch_B_L12_colabdesign_chunk_seed0010_n005_raw_0004,Patch_B,CPPDTDNDHWWC,sequence_filter_pass=false
Patch_B_L12_colabdesign_chunk_seed0015_n005_raw_0003,Patch_B,CWWPHYEDDDTC,sequence_filter_pass=false
Patch_B_L12_colabdesign_chunk_seed0015_n005_raw_0004,Patch_B,CDDEPGAPHWWC,sequence_filter_pass=false
Patch_B_L12_colabdesign_chunk_seed0020_n005_raw_0001,Patch_B,CPWHWHPDDDEC,sequence_filter_pass=false
Patch_B_L12_colabdesign_chunk_seed0020_n005_raw_0003,Patch_B,CSDDGTWRWVWC,sequence_filter_pass=false
Patch_B_L12_colabdesign_chunk_seed0025_n005_raw_0002,Patch_B,CEAPWGNNWDQC,sequence_filter_pass=false
Patch_B_L12_colabdesign_chunk_seed0025_n005_raw_0003,Patch_B,CYPWDWWDEDNC,sequence_filter_pass=false
Patch_B_L12_colabdesign_chunk_seed0025_n005_raw_0005,Patch_B,CDEEHHDAPWVC,sequence_filter_pass=false
Patch_B_L12_colabdesign_chunk_seed0030_n005_raw_0001,Patch_B,CWWAPKGQDAEC,sequence_filter_pass=false
Patch_B_L12_colabdesign_chunk_seed0030_n005_raw_0004,Patch_B,CTEDGKWEWWDC,sequence_filter_pass=false
Patch_B_L12_colabdesign_chunk_seed0035_n005_raw_0003,Patch_B,CWHPDPWDENAC,sequence_filter_pass=false
